{"params": {"coeffs": [[0.9452814, -1.034677], [1.0057589, -1.0181834]], "rho": 0.89999986, "sigmas": [0.31173858, 0.35794532], "state_coeffs": [[0.52447397, 0.5243997]]}, "value": 190.25267}